{
  "verifier_loss": [
    1.3922265768051147,
    1.3805921077728271,
    1.3804326057434082,
    1.3648526668548584,
    1.3626387119293213,
    1.3521825075149536,
    1.3306258916854858,
    1.3496344089508057,
    1.3585848808288574,
    1.332970142364502,
    1.303640365600586,
    1.3126627206802368,
    1.3282276391983032,
    1.3002445697784424,
    1.2171237468719482,
    1.2689651250839233,
    1.2858526706695557,
    1.2298334836959839,
    1.2395591735839844,
    1.1937285661697388,
    1.1422834396362305,
    1.1644716262817383,
    1.2418756484985352,
    1.2525228261947632,
    1.327394723892212,
    1.1256189346313477,
    1.3611392974853516,
    1.113241195678711,
    1.0630526542663574,
    0.9564970135688782,
    1.0300852060317993,
    1.1342382431030273,
    1.0380970239639282,
    1.2277894020080566,
    0.9532156586647034,
    0.8845593929290771,
    1.038395643234253,
    0.7656455039978027,
    1.166680097579956,
    0.8739526867866516,
    1.8058983087539673,
    1.3909378051757812,
    1.2064661979675293,
    1.3385660648345947,
    1.429405689239502,
    1.2716094255447388,
    0.9473319053649902,
    1.381401538848877,
    1.4735469818115234,
    0.9031013250350952,
    1.0361716747283936,
    1.0503249168395996,
    1.1248666048049927,
    1.085265874862671,
    0.9225146770477295,
    1.1457232236862183,
    0.9513139724731445,
    0.9210836291313171,
    0.8848348259925842,
    0.9603884816169739,
    1.0288302898406982,
    0.7951184511184692,
    1.2155718803405762,
    0.7949204444885254,
    1.0960793495178223,
    0.9137121438980103,
    0.8353407382965088,
    0.7562873363494873,
    0.9984347820281982,
    1.0424230098724365,
    0.998445987701416,
    0.8315953016281128,
    0.9265152215957642,
    0.8753986358642578,
    0.7313560843467712,
    0.6534839868545532,
    0.6313315629959106,
    0.8921996355056763,
    1.0678958892822266,
    1.4579546451568604,
    1.062412142753601,
    0.8567649722099304,
    0.7793735265731812,
    0.9381871223449707,
    0.7880984544754028,
    0.8304228782653809,
    0.7749711871147156,
    0.599506139755249,
    0.8772430419921875,
    0.40518417954444885,
    0.7976146936416626,
    0.7867100238800049,
    0.47221148014068604,
    0.3002896308898926,
    0.46460241079330444,
    0.49476388096809387,
    0.36821067333221436,
    0.2649149000644684,
    0.3253064751625061,
    0.4091466963291168
  ],
  "adversary_loss": [
    0.7340381145477295,
    0.730568528175354,
    0.7078046202659607,
    0.6964520215988159,
    0.6729501485824585,
    0.6636291146278381,
    0.646824836730957,
    0.6317250728607178,
    0.5810562968254089,
    0.6032414436340332,
    0.6010335683822632,
    0.6081006526947021,
    0.6436807513237,
    0.649061918258667,
    0.6815585494041443,
    0.6880452632904053,
    0.6832362413406372,
    0.746875524520874,
    0.7457091808319092,
    0.8416628837585449,
    0.8165714740753174,
    0.9289271235466003,
    1.0020761489868164,
    0.9675686955451965,
    1.0118663311004639,
    1.0726280212402344,
    1.1075206995010376,
    1.1611642837524414,
    1.1178317070007324,
    1.4635378122329712,
    1.377336025238037,
    1.184178352355957,
    1.6250460147857666,
    1.8615443706512451,
    2.002228021621704,
    2.603426456451416,
    1.945824146270752,
    2.058016777038574,
    1.684356451034546,
    1.8494298458099365,
    1.7270137071609497,
    2.021383285522461,
    2.13470721244812,
    1.8708652257919312,
    1.9028334617614746,
    1.7035870552062988,
    1.4840824604034424,
    1.6255426406860352,
    1.5057895183563232,
    1.3326985836029053,
    1.495958685874939,
    1.5295056104660034,
    1.614837884902954,
    1.4510533809661865,
    1.5781432390213013,
    1.3808040618896484,
    1.4453270435333252,
    1.6463336944580078,
    1.3236680030822754,
    1.349676251411438,
    1.217017412185669,
    1.6650487184524536,
    1.4322150945663452,
    1.7192384004592896,
    1.6782550811767578,
    1.637038230895996,
    1.401313066482544,
    1.2768973112106323,
    1.2631105184555054,
    1.298466444015503,
    1.5274202823638916,
    1.5820313692092896,
    1.6216189861297607,
    1.9099712371826172,
    1.9176777601242065,
    1.5035736560821533,
    1.5777612924575806,
    1.566650152206421,
    1.5966274738311768,
    1.0622303485870361,
    1.1773719787597656,
    1.2758300304412842,
    1.2418709993362427,
    1.410873532295227,
    1.244105339050293,
    1.5968728065490723,
    1.6242308616638184,
    1.8105792999267578,
    1.5155729055404663,
    1.4442570209503174,
    1.488947868347168,
    1.6031250953674316,
    1.562875747680664,
    1.898483395576477,
    1.5245612859725952,
    2.342310667037964,
    2.2608861923217773,
    2.215113878250122,
    2.405742645263672,
    2.5515825748443604
  ],
  "verifier_accuracy": [
    0.53125,
    0.8125,
    0.78125,
    0.71875,
    0.625,
    0.625,
    0.5,
    0.5,
    0.5,
    0.5,
    0.5625,
    0.5625,
    0.5625,
    0.6875,
    0.71875,
    0.8125,
    0.6875,
    0.84375,
    0.875,
    0.90625,
    0.8125,
    0.875,
    0.875,
    0.75,
    0.6875,
    0.90625,
    0.6875,
    0.90625,
    0.9375,
    0.84375,
    0.9375,
    0.9375,
    0.90625,
    0.84375,
    0.8125,
    0.84375,
    0.90625,
    1.0,
    0.84375,
    0.9375,
    0.8125,
    0.78125,
    0.8125,
    0.8125,
    0.71875,
    0.84375,
    0.84375,
    0.6875,
    0.71875,
    0.96875,
    0.78125,
    0.75,
    0.6875,
    0.9375,
    0.84375,
    0.8125,
    0.84375,
    0.875,
    0.8125,
    0.875,
    0.8125,
    0.875,
    0.75,
    0.90625,
    0.8125,
    0.84375,
    0.71875,
    0.875,
    0.78125,
    0.8125,
    0.90625,
    0.90625,
    0.8125,
    0.8125,
    0.875,
    0.84375,
    0.90625,
    0.78125,
    0.8125,
    0.71875,
    0.875,
    0.875,
    0.90625,
    0.875,
    0.84375,
    0.875,
    0.875,
    0.90625,
    0.875,
    0.96875,
    0.90625,
    0.84375,
    1.0,
    1.0,
    0.96875,
    0.96875,
    0.96875,
    0.96875,
    0.96875,
    1.0
  ],
  "adversary_fool_rate": [
    0.0,
    0.125,
    0.25,
    0.375,
    0.75,
    0.75,
    0.875,
    0.9375,
    1.0,
    0.9375,
    1.0,
    0.875,
    0.9375,
    0.6875,
    0.6875,
    0.5,
    0.625,
    0.25,
    0.375,
    0.0625,
    0.125,
    0.125,
    0.0,
    0.125,
    0.125,
    0.0625,
    0.0625,
    0.125,
    0.125,
    0.0,
    0.0,
    0.0,
    0.0,
    0.0,
    0.0,
    0.0,
    0.125,
    0.0625,
    0.0625,
    0.0625,
    0.0625,
    0.0625,
    0.0,
    0.0,
    0.0625,
    0.0625,
    0.0,
    0.125,
    0.0625,
    0.125,
    0.0,
    0.0,
    0.0,
    0.0625,
    0.0,
    0.0625,
    0.0,
    0.0,
    0.125,
    0.125,
    0.125,
    0.0625,
    0.0625,
    0.0625,
    0.0,
    0.125,
    0.1875,
    0.1875,
    0.1875,
    0.1875,
    0.125,
    0.0625,
    0.0625,
    0.0,
    0.0,
    0.0625,
    0.1875,
    0.125,
    0.0625,
    0.3125,
    0.125,
    0.125,
    0.125,
    0.0625,
    0.125,
    0.125,
    0.0,
    0.0,
    0.0,
    0.125,
    0.0,
    0.0,
    0.0,
    0.0,
    0.125,
    0.0,
    0.0625,
    0.0,
    0.0,
    0.0
  ]
}