{
  "verifier_loss": [
    1.3895756006240845,
    1.3848750591278076,
    1.3730287551879883,
    1.3746912479400635,
    1.3719727993011475,
    1.363973617553711,
    1.3794474601745605,
    1.3626936674118042,
    1.3573517799377441,
    1.3369994163513184,
    1.3316359519958496,
    1.3233222961425781,
    1.3147706985473633,
    1.2993664741516113,
    1.2729218006134033,
    1.272567629814148,
    1.276271104812622,
    1.2610843181610107,
    1.257794976234436,
    1.2416760921478271,
    1.2560348510742188,
    1.2463266849517822,
    1.2743724584579468,
    1.2053072452545166,
    1.2734955549240112,
    1.118538737297058,
    1.2213501930236816,
    1.251901626586914,
    1.1104286909103394,
    1.2359497547149658,
    1.106616497039795,
    0.7707448601722717,
    1.1472318172454834,
    0.9725881814956665,
    0.8824152946472168,
    0.9625883102416992,
    1.1411659717559814,
    0.5972890853881836,
    1.1964826583862305,
    0.7931939363479614,
    1.1853464841842651,
    0.8686683177947998,
    1.0918805599212646,
    1.324886441230774,
    1.0417252779006958,
    1.236415982246399,
    0.813267171382904,
    0.7019777297973633,
    1.1358256340026855,
    1.1897947788238525
  ],
  "adversary_loss": [
    0.7299814224243164,
    0.7170019745826721,
    0.7143534421920776,
    0.7014816999435425,
    0.6879370212554932,
    0.6749931573867798,
    0.6813606023788452,
    0.6646541357040405,
    0.6606322526931763,
    0.6624064445495605,
    0.6614692211151123,
    0.6402705907821655,
    0.6531792879104614,
    0.6680340766906738,
    0.6563489437103271,
    0.6968597769737244,
    0.718598484992981,
    0.730392575263977,
    0.7383526563644409,
    0.7304898500442505,
    0.8550944328308105,
    0.8543737530708313,
    0.8556338548660278,
    0.9811010360717773,
    0.9362979531288147,
    1.0800566673278809,
    0.9237937331199646,
    0.9451675415039062,
    0.9955717325210571,
    1.2396070957183838,
    1.5878185033798218,
    1.609231948852539,
    1.684201955795288,
    1.6413723230361938,
    1.4213873147964478,
    1.880218267440796,
    1.9194051027297974,
    2.5273659229278564,
    2.00627064704895,
    2.558541774749756,
    2.0729527473449707,
    1.8290637731552124,
    2.139531135559082,
    1.8302788734436035,
    2.1172609329223633,
    1.9389797449111938,
    1.806827425956726,
    2.0282444953918457,
    2.1693806648254395,
    2.207148551940918
  ],
  "verifier_accuracy": [
    0.5625,
    0.5625,
    0.6875,
    0.625,
    0.71875,
    0.6875,
    0.625,
    0.53125,
    0.5625,
    0.53125,
    0.5625,
    0.625,
    0.5,
    0.6875,
    0.6875,
    0.71875,
    0.75,
    0.75,
    0.84375,
    0.84375,
    0.8125,
    0.71875,
    0.6875,
    0.75,
    0.90625,
    0.875,
    0.8125,
    0.84375,
    0.96875,
    0.78125,
    0.78125,
    0.90625,
    0.84375,
    0.875,
    0.90625,
    0.90625,
    0.875,
    0.9375,
    0.71875,
    0.96875,
    0.78125,
    0.96875,
    0.90625,
    0.875,
    0.875,
    0.78125,
    0.875,
    0.9375,
    0.75,
    0.6875
  ],
  "adversary_fool_rate": [
    0.0,
    0.0625,
    0.0625,
    0.25,
    0.6875,
    0.6875,
    0.625,
    0.8125,
    0.875,
    0.75,
    0.75,
    0.8125,
    0.75,
    0.6875,
    0.6875,
    0.625,
    0.5,
    0.25,
    0.375,
    0.25,
    0.0625,
    0.1875,
    0.0625,
    0.0625,
    0.25,
    0.0,
    0.125,
    0.1875,
    0.25,
    0.0625,
    0.0,
    0.0625,
    0.0,
    0.0,
    0.0625,
    0.0625,
    0.1875,
    0.0,
    0.0625,
    0.0,
    0.0,
    0.125,
    0.0625,
    0.0625,
    0.0625,
    0.0,
    0.125,
    0.0,
    0.0,
    0.0
  ]
}