{
  "verifier_loss": [
    1.3964476585388184,
    1.3831987380981445,
    1.379887580871582,
    1.3678638935089111,
    1.3719770908355713,
    1.370018482208252,
    1.3477808237075806,
    1.3571035861968994,
    1.3563008308410645,
    1.358863353729248,
    1.3414621353149414,
    1.327622652053833,
    1.3771474361419678,
    1.331316590309143,
    1.3419389724731445,
    1.2911338806152344,
    1.2638072967529297,
    1.2652039527893066,
    1.2526929378509521,
    1.193566083908081,
    1.2316954135894775,
    1.204990267753601,
    1.2108404636383057,
    1.2729287147521973,
    1.162491798400879,
    1.2689545154571533,
    1.1771591901779175,
    1.1481585502624512,
    1.179397463798523,
    1.2163419723510742,
    1.0205357074737549,
    1.0304615497589111,
    1.2085291147232056,
    0.9003950357437134,
    1.242255449295044,
    1.1933362483978271,
    1.2686383724212646,
    1.3510007858276367,
    1.5014545917510986,
    1.5486295223236084,
    1.4999921321868896,
    1.028182029724121,
    0.871253490447998,
    1.2799108028411865,
    0.969361424446106,
    0.79206383228302,
    0.95243901014328,
    0.8802732825279236,
    1.228874921798706,
    1.3885592222213745,
    1.2153286933898926,
    1.0181324481964111,
    0.9222239255905151,
    1.216438889503479,
    1.0753313302993774,
    1.142007827758789,
    0.7290567755699158,
    1.1212923526763916,
    1.5657904148101807,
    0.8614726066589355,
    1.1847114562988281,
    1.0406851768493652,
    1.286596417427063,
    1.3895057439804077,
    1.1125668287277222,
    1.2481143474578857,
    1.0122674703598022,
    1.1339073181152344,
    0.9677634239196777,
    1.1269450187683105,
    1.1312355995178223,
    1.2127784490585327,
    1.032130241394043,
    1.141160488128662,
    1.1267290115356445,
    1.1480621099472046,
    0.7422168850898743,
    1.215245246887207,
    0.7934846878051758,
    0.8979072570800781,
    0.8344470262527466,
    0.9118053913116455,
    0.9607536792755127,
    1.0842243432998657,
    0.9599401950836182,
    0.6501582860946655,
    0.7645168900489807,
    0.7332272529602051,
    0.7417706251144409,
    0.8138079643249512,
    0.6834626197814941,
    0.7578526735305786,
    0.4406262934207916,
    0.4604012966156006,
    0.5856263637542725,
    1.02267587184906,
    0.49524691700935364,
    0.6713964939117432,
    1.103813886642456,
    0.5543171167373657
  ],
  "adversary_loss": [
    0.7146483659744263,
    0.7013363838195801,
    0.6970365047454834,
    0.6874156594276428,
    0.6833423376083374,
    0.6757554411888123,
    0.6635384559631348,
    0.6769623756408691,
    0.671440839767456,
    0.6450777053833008,
    0.6347879767417908,
    0.6546331644058228,
    0.6928936839103699,
    0.662766695022583,
    0.6675883531570435,
    0.6867520809173584,
    0.6813687086105347,
    0.7362438440322876,
    0.7231400609016418,
    0.7602351307868958,
    0.8428469896316528,
    0.8737566471099854,
    0.9519063234329224,
    0.84516441822052,
    0.930561900138855,
    0.8399502038955688,
    1.1535922288894653,
    1.2737559080123901,
    1.4380509853363037,
    1.3539930582046509,
    1.324594497680664,
    1.4136217832565308,
    1.262986660003662,
    1.719284176826477,
    1.9529238939285278,
    1.8681442737579346,
    1.7576977014541626,
    1.5528255701065063,
    1.3825147151947021,
    1.3606808185577393,
    1.415566086769104,
    1.5571807622909546,
    2.260063409805298,
    2.1434879302978516,
    2.1155900955200195,
    2.171156406402588,
    1.9132287502288818,
    1.3674001693725586,
    1.3053542375564575,
    1.6346943378448486,
    1.7606563568115234,
    1.745924711227417,
    2.072610855102539,
    2.02183198928833,
    1.7849843502044678,
    1.2975707054138184,
    1.57766854763031,
    1.2991485595703125,
    1.0723366737365723,
    1.1328647136688232,
    1.2825959920883179,
    1.1432721614837646,
    1.3725306987762451,
    1.2379844188690186,
    1.306828498840332,
    1.1313567161560059,
    0.8828905820846558,
    0.9279798269271851,
    0.9822776913642883,
    0.8138298988342285,
    0.7881691455841064,
    0.8637639284133911,
    0.9211201071739197,
    0.8470038175582886,
    0.9287443161010742,
    0.882167637348175,
    1.0670130252838135,
    1.15836501121521,
    1.2529006004333496,
    1.0271573066711426,
    1.0182725191116333,
    1.1306167840957642,
    1.0077714920043945,
    0.9944124221801758,
    1.163779377937317,
    1.526803731918335,
    1.2812598943710327,
    1.733755350112915,
    1.6539603471755981,
    1.8079252243041992,
    1.7866575717926025,
    1.4975299835205078,
    1.867055892944336,
    1.7763417959213257,
    2.1351308822631836,
    2.060286045074463,
    2.077604055404663,
    2.1595773696899414,
    1.7075395584106445,
    2.0204434394836426
  ],
  "verifier_accuracy": [
    0.65625,
    0.71875,
    0.6875,
    0.65625,
    0.6875,
    0.5625,
    0.5625,
    0.5625,
    0.59375,
    0.59375,
    0.71875,
    0.5625,
    0.625,
    0.53125,
    0.5625,
    0.6875,
    0.65625,
    0.75,
    0.75,
    0.8125,
    0.8125,
    0.84375,
    0.9375,
    0.78125,
    0.84375,
    0.71875,
    0.875,
    0.8125,
    0.71875,
    0.875,
    0.90625,
    0.875,
    0.8125,
    0.90625,
    0.6875,
    0.875,
    0.78125,
    0.84375,
    0.84375,
    0.8125,
    0.75,
    0.84375,
    0.84375,
    0.78125,
    0.8125,
    0.84375,
    0.8125,
    0.90625,
    0.84375,
    0.65625,
    0.875,
    0.90625,
    0.875,
    0.75,
    0.84375,
    0.78125,
    0.9375,
    0.75,
    0.6875,
    0.90625,
    0.65625,
    0.8125,
    0.75,
    0.53125,
    0.78125,
    0.625,
    0.8125,
    0.78125,
    0.78125,
    0.6875,
    0.78125,
    0.75,
    0.78125,
    0.65625,
    0.75,
    0.84375,
    0.9375,
    0.71875,
    0.875,
    0.90625,
    0.9375,
    0.75,
    0.8125,
    0.8125,
    0.90625,
    0.9375,
    0.90625,
    0.9375,
    0.875,
    0.84375,
    0.9375,
    0.90625,
    0.875,
    1.0,
    0.96875,
    0.8125,
    0.96875,
    0.96875,
    0.84375,
    0.96875
  ],
  "adversary_fool_rate": [
    0.0,
    0.25,
    0.3125,
    0.5625,
    0.6875,
    0.8125,
    0.9375,
    0.625,
    0.6875,
    0.9375,
    0.9375,
    0.8125,
    0.6875,
    0.6875,
    0.6875,
    0.5625,
    0.625,
    0.3125,
    0.5,
    0.375,
    0.1875,
    0.1875,
    0.0625,
    0.25,
    0.1875,
    0.3125,
    0.0,
    0.0625,
    0.0,
    0.0,
    0.0625,
    0.0,
    0.125,
    0.0,
    0.0,
    0.0625,
    0.0,
    0.0625,
    0.1875,
    0.125,
    0.1875,
    0.0,
    0.0,
    0.0,
    0.0625,
    0.0,
    0.0625,
    0.125,
    0.125,
    0.0625,
    0.0625,
    0.0625,
    0.0,
    0.0,
    0.0,
    0.1875,
    0.0,
    0.0625,
    0.25,
    0.1875,
    0.1875,
    0.1875,
    0.125,
    0.1875,
    0.0,
    0.125,
    0.25,
    0.1875,
    0.25,
    0.4375,
    0.25,
    0.375,
    0.25,
    0.1875,
    0.1875,
    0.125,
    0.0,
    0.0,
    0.0625,
    0.125,
    0.125,
    0.125,
    0.3125,
    0.125,
    0.25,
    0.0,
    0.1875,
    0.0,
    0.0625,
    0.0,
    0.0625,
    0.125,
    0.0625,
    0.0,
    0.125,
    0.0,
    0.0,
    0.0625,
    0.125,
    0.0
  ]
}