{
  "verifier_loss": [
    1.3916784524917603,
    1.2655081748962402,
    1.0726122856140137,
    0.812993049621582,
    0.6986759305000305,
    0.5554311871528625,
    0.4655166268348694,
    0.2874963879585266,
    0.18711674213409424,
    0.12875768542289734,
    0.09127689898014069,
    0.06025317683815956,
    0.015591678209602833,
    0.025560608133673668,
    0.043957486748695374,
    0.018899405375123024,
    0.029861418530344963,
    0.10760097205638885,
    0.12263129651546478,
    0.12404815107584,
    0.16731169819831848,
    0.05713869631290436,
    0.14091069996356964,
    1.1600743532180786,
    0.0473310723900795,
    0.0993688553571701,
    0.16306087374687195,
    0.02098679728806019,
    0.04598071798682213,
    0.020136525854468346,
    0.3146754205226898,
    0.20524106919765472,
    0.1852988600730896,
    0.025677399709820747,
    0.016016583889722824,
    0.07723315060138702,
    0.03486740589141846,
    0.0010825549252331257,
    0.0162038691341877,
    0.03638014942407608,
    0.10717228055000305,
    0.12379336357116699,
    0.01795143634080887,
    0.49567151069641113,
    1.021059513092041,
    2.259767770767212,
    1.0467572212219238,
    1.5202006101608276,
    0.6574316620826721,
    0.11247409135103226
  ],
  "adversary_loss": [
    0.6835641264915466,
    0.7323988676071167,
    0.7727943062782288,
    0.8812190890312195,
    0.9986098408699036,
    1.2878332138061523,
    1.5681895017623901,
    2.3277058601379395,
    2.8962388038635254,
    3.3594133853912354,
    3.9077794551849365,
    4.655073165893555,
    5.009220123291016,
    4.737425804138184,
    4.691420555114746,
    5.5222368240356445,
    5.555464744567871,
    5.9536542892456055,
    6.377185821533203,
    5.769224643707275,
    6.493155479431152,
    7.316965579986572,
    7.8040266036987305,
    6.030447959899902,
    5.399328708648682,
    6.122838973999023,
    6.21677303314209,
    6.545339107513428,
    7.630102634429932,
    9.166326522827148,
    9.829742431640625,
    11.202375411987305,
    12.13111686706543,
    13.790712356567383,
    13.784626960754395,
    17.185497283935547,
    17.39033317565918,
    17.051231384277344,
    17.13161849975586,
    16.90682029724121,
    16.146289825439453,
    12.628528594970703,
    9.279272079467773,
    6.640348434448242,
    4.521675109863281,
    5.908596038818359,
    6.038768768310547,
    5.7532243728637695,
    6.8922224044799805,
    4.770444869995117
  ],
  "verifier_accuracy": [
    0.65625,
    0.96875,
    1.0,
    1.0,
    1.0,
    1.0,
    1.0,
    1.0,
    1.0,
    0.96875,
    1.0,
    1.0,
    1.0,
    1.0,
    1.0,
    1.0,
    1.0,
    1.0,
    1.0,
    1.0,
    1.0,
    1.0,
    0.84375,
    1.0,
    1.0,
    1.0,
    1.0,
    1.0,
    1.0,
    1.0,
    1.0,
    1.0,
    1.0,
    1.0,
    1.0,
    1.0,
    1.0,
    1.0,
    1.0,
    1.0,
    0.9375,
    0.9375,
    0.90625,
    1.0,
    0.90625,
    0.9375,
    0.90625,
    1.0,
    1.0,
    1.0
  ],
  "adversary_fool_rate": [
    0.625,
    0.0625,
    0.0,
    0.0,
    0.0,
    0.0,
    0.0,
    0.0,
    0.0,
    0.0,
    0.0,
    0.0,
    0.0,
    0.0,
    0.0,
    0.0,
    0.0,
    0.0,
    0.0,
    0.0,
    0.0,
    0.0,
    0.0,
    0.0,
    0.0,
    0.0,
    0.0,
    0.0,
    0.0,
    0.0,
    0.0,
    0.0,
    0.0,
    0.0,
    0.0,
    0.0,
    0.0,
    0.0,
    0.0,
    0.0,
    0.0,
    0.0,
    0.0625,
    0.1875,
    0.125,
    0.0,
    0.0625,
    0.0,
    0.0625,
    0.0625
  ]
}