{
  "verifier_loss": [
    1.396847128868103,
    1.375525951385498,
    1.3257991075515747,
    1.260303258895874,
    1.1496741771697998,
    1.0697160959243774,
    0.9706591963768005,
    0.8651589751243591,
    0.8216390609741211,
    0.8028931021690369,
    0.6224721074104309,
    0.4969630241394043,
    0.5726133584976196,
    0.3735065460205078,
    0.32081854343414307,
    0.28521132469177246,
    0.18459641933441162,
    0.21455976366996765,
    0.1765243411064148,
    0.19730563461780548,
    0.14836126565933228,
    0.3621804714202881,
    0.9716770052909851,
    0.6108762621879578,
    1.4684300422668457,
    0.7496833205223083,
    1.533582091331482,
    1.661469578742981,
    0.6996467113494873,
    0.8124991655349731,
    0.6422516107559204,
    0.7620944976806641,
    0.43584877252578735,
    0.5908600687980652,
    0.689725935459137,
    0.35683611035346985,
    0.1625661551952362,
    0.7143439650535583,
    0.3712576925754547,
    0.20541790127754211,
    0.6397672295570374,
    0.6818001866340637,
    0.6279954314231873,
    0.36773350834846497,
    1.1728001832962036,
    0.6487406492233276,
    0.772978663444519,
    1.776412010192871,
    1.051255464553833,
    0.48209714889526367,
    0.6708043813705444,
    1.1833953857421875,
    1.4144243001937866,
    0.48753824830055237,
    0.9644331932067871,
    0.9916404485702515,
    0.829034149646759,
    0.3716092109680176,
    0.5201230049133301,
    0.700928807258606,
    0.4412980079650879,
    0.27655312418937683,
    0.17043864727020264,
    0.17188559472560883,
    0.15441520512104034,
    0.27297574281692505,
    0.3302963674068451,
    0.3052864372730255,
    0.1609862893819809,
    0.2564833462238312,
    0.19512584805488586,
    0.655654788017273,
    0.2737063765525818,
    0.14022870361804962,
    0.1923675537109375,
    0.19186343252658844,
    0.2512798011302948,
    0.3728504776954651,
    0.3775998055934906,
    0.7099957466125488,
    0.2577248811721802,
    0.584448516368866,
    0.22778978943824768,
    0.41680657863616943,
    0.3943767249584198,
    0.6006211042404175,
    0.24661961197853088,
    0.3339724838733673,
    0.3558306396007538,
    1.0579395294189453,
    0.6071709394454956,
    0.6437673568725586,
    0.34799182415008545,
    0.7166063189506531,
    0.5926345586776733,
    0.38314056396484375,
    0.1758192479610443,
    0.6887261271476746,
    0.9507265090942383,
    0.27346271276474
  ],
  "adversary_loss": [
    0.6245154142379761,
    0.6191376447677612,
    0.6271342635154724,
    0.6155945658683777,
    0.6418454647064209,
    0.6374409198760986,
    0.6666952967643738,
    0.7417536973953247,
    0.7271953821182251,
    0.9413571357727051,
    1.1593976020812988,
    1.4318565130233765,
    1.5872271060943604,
    1.708931565284729,
    1.7765597105026245,
    2.238255500793457,
    2.82810115814209,
    2.9331228733062744,
    3.6835789680480957,
    3.4461584091186523,
    2.834150552749634,
    2.955782413482666,
    3.7120625972747803,
    4.241300582885742,
    2.977827310562134,
    2.257380485534668,
    2.090702533721924,
    3.2618541717529297,
    3.9463205337524414,
    3.050083875656128,
    3.6179697513580322,
    2.788905620574951,
    3.4684176445007324,
    3.654848575592041,
    4.950838088989258,
    5.828063488006592,
    7.198301792144775,
    5.587526321411133,
    6.441289901733398,
    4.8894877433776855,
    4.987112998962402,
    5.064607620239258,
    6.4355788230896,
    6.693171501159668,
    5.377216339111328,
    4.690229415893555,
    3.140174388885498,
    2.6510062217712402,
    3.573761463165283,
    5.2507195472717285,
    5.334836483001709,
    4.165374755859375,
    2.8623037338256836,
    1.5236775875091553,
    2.3478057384490967,
    2.8298158645629883,
    4.216500759124756,
    5.645565986633301,
    6.268983840942383,
    6.537106513977051,
    4.813432693481445,
    5.100521087646484,
    4.232292175292969,
    4.017230987548828,
    2.8817479610443115,
    3.349775552749634,
    2.245579957962036,
    3.9102389812469482,
    4.916440963745117,
    5.217948913574219,
    5.387092590332031,
    5.948731422424316,
    4.775042533874512,
    4.510624885559082,
    3.7772488594055176,
    4.016122817993164,
    3.3888440132141113,
    2.126720428466797,
    4.083990097045898,
    3.0623779296875,
    3.499250888824463,
    5.226046562194824,
    5.3162689208984375,
    5.156982421875,
    4.5442047119140625,
    3.481381893157959,
    3.4706125259399414,
    2.675961971282959,
    3.6146926879882812,
    3.7219667434692383,
    4.7908124923706055,
    5.687284469604492,
    5.595573425292969,
    5.091586112976074,
    4.037931442260742,
    3.470561981201172,
    3.1521878242492676,
    2.991366386413574,
    4.313246726989746,
    5.078531265258789
  ],
  "verifier_accuracy": [
    0.5,
    0.5,
    0.5,
    0.5,
    0.5,
    0.5,
    0.6875,
    0.875,
    0.96875,
    0.96875,
    1.0,
    1.0,
    1.0,
    1.0,
    1.0,
    1.0,
    1.0,
    1.0,
    0.96875,
    1.0,
    1.0,
    1.0,
    0.96875,
    0.8125,
    0.875,
    0.9375,
    0.875,
    0.875,
    0.90625,
    0.875,
    0.84375,
    0.9375,
    0.96875,
    0.9375,
    1.0,
    0.96875,
    0.90625,
    0.90625,
    0.96875,
    1.0,
    0.96875,
    1.0,
    0.9375,
    0.9375,
    0.8125,
    0.9375,
    0.84375,
    0.875,
    0.90625,
    0.9375,
    0.78125,
    0.8125,
    0.90625,
    0.84375,
    0.78125,
    0.9375,
    0.90625,
    0.9375,
    0.875,
    0.90625,
    0.96875,
    0.96875,
    0.96875,
    0.96875,
    0.96875,
    0.90625,
    0.96875,
    1.0,
    1.0,
    0.96875,
    0.96875,
    0.90625,
    0.9375,
    1.0,
    0.96875,
    0.96875,
    0.9375,
    1.0,
    0.96875,
    0.9375,
    0.96875,
    0.96875,
    0.96875,
    0.90625,
    0.90625,
    0.96875,
    0.96875,
    0.96875,
    0.9375,
    0.96875,
    0.96875,
    0.78125,
    0.875,
    0.9375,
    0.9375,
    0.96875,
    1.0,
    0.96875,
    0.9375,
    0.9375
  ],
  "adversary_fool_rate": [
    1.0,
    1.0,
    1.0,
    1.0,
    1.0,
    0.9375,
    0.8125,
    0.25,
    0.375,
    0.0,
    0.0,
    0.0,
    0.0,
    0.0,
    0.0,
    0.0,
    0.0,
    0.0,
    0.0,
    0.0,
    0.0,
    0.0,
    0.0,
    0.0,
    0.0625,
    0.1875,
    0.1875,
    0.0625,
    0.125,
    0.0,
    0.0625,
    0.1875,
    0.0625,
    0.0625,
    0.0,
    0.0,
    0.0,
    0.0,
    0.0,
    0.0,
    0.0625,
    0.0,
    0.0,
    0.0,
    0.0,
    0.0,
    0.0,
    0.0625,
    0.0625,
    0.0,
    0.0,
    0.0,
    0.0625,
    0.25,
    0.1875,
    0.0,
    0.0,
    0.0,
    0.0,
    0.0,
    0.0,
    0.0625,
    0.0,
    0.0,
    0.0,
    0.0,
    0.125,
    0.0,
    0.0,
    0.0,
    0.0,
    0.0,
    0.0,
    0.0,
    0.0625,
    0.0,
    0.0625,
    0.0,
    0.0625,
    0.0,
    0.125,
    0.0,
    0.0,
    0.0,
    0.0,
    0.0625,
    0.125,
    0.0625,
    0.0625,
    0.125,
    0.0,
    0.0,
    0.0,
    0.0,
    0.0625,
    0.0625,
    0.125,
    0.125,
    0.0,
    0.0
  ]
}