{
  "verifier_loss": [
    1.3897699117660522,
    1.352510690689087,
    1.3150190114974976,
    1.2187695503234863,
    1.1208573579788208,
    1.0189175605773926,
    0.9453226327896118,
    0.810104489326477,
    0.7398525476455688,
    0.6702097058296204,
    0.550565779209137,
    0.43938279151916504,
    0.334256112575531,
    0.21207395195960999,
    0.2322598397731781,
    0.22423651814460754,
    0.15380644798278809,
    0.12811309099197388,
    0.6007258296012878,
    0.3691076934337616,
    0.4737710654735565,
    1.324082851409912,
    1.0684369802474976,
    1.0537384748458862,
    1.5274429321289062,
    1.5930871963500977,
    1.201704502105713,
    1.5283108949661255,
    0.9599578976631165,
    1.0327754020690918,
    0.468921959400177,
    0.595844030380249,
    0.37812668085098267,
    0.5224553942680359,
    0.5398922562599182,
    0.5592032074928284,
    0.3801460862159729,
    0.24125826358795166,
    0.35087892413139343,
    0.25993281602859497,
    0.2696423828601837,
    0.33437296748161316,
    0.8254889249801636,
    0.3550929129123688,
    0.49675267934799194,
    1.1658148765563965,
    0.9274303317070007,
    1.2929383516311646,
    1.2910288572311401,
    1.4653983116149902,
    1.450486660003662,
    1.02675461769104,
    1.0032851696014404,
    1.187089204788208,
    0.5800393223762512,
    0.35169586539268494,
    0.5362215638160706,
    0.5334840416908264,
    0.4999288320541382,
    0.2920086085796356,
    0.27224019169807434,
    0.1666201949119568,
    0.16223378479480743,
    0.15375031530857086,
    0.09753070771694183,
    0.196122407913208,
    0.11562041193246841,
    0.3476006090641022,
    0.3805959224700928,
    0.24543459713459015,
    0.39633870124816895,
    0.20159274339675903,
    0.24351191520690918,
    0.5204521417617798,
    0.32993084192276,
    0.35609233379364014,
    0.45204365253448486,
    0.3105820417404175,
    0.6561123728752136,
    0.8096778392791748,
    0.8769197463989258,
    0.6012327671051025,
    0.33145928382873535,
    0.7710478901863098,
    1.6209297180175781,
    1.0569581985473633,
    0.7712216377258301,
    0.7939935326576233,
    0.6647633910179138,
    0.8795369267463684,
    0.6578205227851868,
    0.6658893823623657,
    0.5401514172554016,
    0.5556250810623169,
    0.6230303049087524,
    0.6503219604492188,
    0.5031785368919373,
    0.36783233284950256,
    0.2688637375831604,
    0.2408960610628128
  ],
  "adversary_loss": [
    0.6728166341781616,
    0.6664318442344666,
    0.6747418642044067,
    0.6884537935256958,
    0.6742348670959473,
    0.7133411169052124,
    0.7293593287467957,
    0.8655508160591125,
    0.9731658101081848,
    1.2881104946136475,
    1.5269657373428345,
    1.8148446083068848,
    2.3359546661376953,
    2.661916732788086,
    3.003857374191284,
    3.7640280723571777,
    4.239579677581787,
    4.613801002502441,
    2.4807233810424805,
    2.4643912315368652,
    1.7920382022857666,
    2.2930655479431152,
    2.9710681438446045,
    1.9280335903167725,
    1.582453727722168,
    1.9408817291259766,
    1.838895320892334,
    2.228929281234741,
    2.7666945457458496,
    3.737983465194702,
    3.803436756134033,
    2.9858975410461426,
    3.293534278869629,
    3.228935718536377,
    4.443024158477783,
    4.163232803344727,
    5.886244773864746,
    5.568880558013916,
    5.034148693084717,
    5.247063159942627,
    5.022210597991943,
    5.289979457855225,
    4.50425910949707,
    4.253079414367676,
    3.9303650856018066,
    3.0781421661376953,
    4.047858715057373,
    3.9455726146698,
    2.792109727859497,
    3.4011282920837402,
    2.8240716457366943,
    2.419156074523926,
    2.8286142349243164,
    3.145447254180908,
    3.9546072483062744,
    4.620491981506348,
    7.058588981628418,
    3.8946783542633057,
    3.287557601928711,
    4.047460556030273,
    4.152997970581055,
    6.0760345458984375,
    5.119787216186523,
    7.192598342895508,
    6.113828659057617,
    5.69553279876709,
    5.632567882537842,
    4.988717555999756,
    4.906925201416016,
    5.652387619018555,
    6.061614036560059,
    7.839206695556641,
    7.053256988525391,
    6.120314598083496,
    4.172171592712402,
    3.728010892868042,
    4.3396220207214355,
    3.92364764213562,
    3.3852381706237793,
    2.8284966945648193,
    3.94173526763916,
    3.334855079650879,
    4.097850322723389,
    4.088136196136475,
    3.290001392364502,
    2.216092109680176,
    2.5485453605651855,
    4.023929119110107,
    3.6756703853607178,
    4.158289909362793,
    3.656935691833496,
    3.093585968017578,
    2.6831021308898926,
    2.2264537811279297,
    2.3940987586975098,
    3.120972156524658,
    5.223355770111084,
    5.777557373046875,
    5.7225470542907715,
    5.811570167541504
  ],
  "verifier_accuracy": [
    0.53125,
    0.5625,
    0.5625,
    0.71875,
    0.78125,
    0.90625,
    0.84375,
    1.0,
    1.0,
    1.0,
    1.0,
    1.0,
    1.0,
    1.0,
    1.0,
    1.0,
    1.0,
    0.84375,
    0.96875,
    1.0,
    0.96875,
    0.9375,
    0.84375,
    0.84375,
    0.8125,
    0.875,
    0.84375,
    0.9375,
    0.875,
    0.78125,
    0.875,
    0.96875,
    1.0,
    0.90625,
    0.96875,
    0.96875,
    1.0,
    0.96875,
    1.0,
    0.9375,
    0.96875,
    0.96875,
    0.875,
    0.875,
    0.84375,
    0.8125,
    0.8125,
    0.84375,
    0.6875,
    0.84375,
    0.84375,
    0.8125,
    0.84375,
    0.84375,
    0.9375,
    0.9375,
    0.9375,
    0.96875,
    0.9375,
    0.9375,
    0.9375,
    1.0,
    1.0,
    1.0,
    1.0,
    0.9375,
    0.96875,
    1.0,
    0.9375,
    1.0,
    0.96875,
    0.9375,
    0.9375,
    0.96875,
    0.9375,
    0.96875,
    0.90625,
    0.96875,
    0.96875,
    0.90625,
    0.90625,
    0.90625,
    0.90625,
    0.90625,
    0.71875,
    0.75,
    0.8125,
    0.84375,
    0.8125,
    0.875,
    0.9375,
    0.96875,
    0.96875,
    0.9375,
    0.875,
    1.0,
    1.0,
    0.96875,
    0.96875,
    1.0
  ],
  "adversary_fool_rate": [
    1.0,
    0.875,
    0.9375,
    0.5625,
    0.6875,
    0.25,
    0.3125,
    0.0,
    0.0,
    0.0,
    0.0,
    0.0,
    0.0,
    0.0,
    0.0,
    0.0,
    0.0,
    0.0,
    0.0,
    0.0,
    0.125,
    0.125,
    0.0625,
    0.125,
    0.1875,
    0.1875,
    0.0625,
    0.0,
    0.0625,
    0.0,
    0.0625,
    0.0,
    0.0625,
    0.0,
    0.0,
    0.0,
    0.0,
    0.0,
    0.0,
    0.0,
    0.0,
    0.0,
    0.0,
    0.0,
    0.0625,
    0.25,
    0.0625,
    0.0,
    0.0625,
    0.125,
    0.0625,
    0.125,
    0.0,
    0.0625,
    0.0,
    0.0,
    0.0,
    0.0,
    0.125,
    0.0,
    0.125,
    0.0,
    0.0,
    0.0625,
    0.0625,
    0.0,
    0.0,
    0.0,
    0.0,
    0.0,
    0.0,
    0.0,
    0.0,
    0.0,
    0.0,
    0.1875,
    0.0,
    0.0625,
    0.1875,
    0.125,
    0.0,
    0.0625,
    0.0,
    0.0625,
    0.1875,
    0.1875,
    0.0625,
    0.0,
    0.0,
    0.0,
    0.0,
    0.0625,
    0.125,
    0.0625,
    0.125,
    0.125,
    0.0,
    0.0,
    0.0,
    0.0
  ]
}