{
  "verifier_loss": [
    1.389758825302124,
    1.3699733018875122,
    1.3461439609527588,
    1.2907655239105225,
    1.2349770069122314,
    1.1034364700317383,
    0.9662859439849854,
    0.821222186088562,
    0.670487642288208,
    0.5032243728637695,
    0.41610458493232727,
    0.3535829186439514,
    0.21218246221542358,
    0.1430027037858963,
    0.0935969203710556,
    0.13774581253528595,
    0.057871706783771515,
    0.10862699896097183,
    0.24184128642082214,
    0.10574249178171158,
    0.7659454941749573,
    0.5539062023162842,
    0.6333237290382385,
    0.8315746784210205,
    0.6557886600494385,
    0.7498807311058044,
    0.9245128035545349,
    1.4653650522232056,
    1.0928430557250977,
    0.7175638675689697,
    0.3395553529262543,
    1.815051555633545,
    0.4134169816970825,
    0.3446892201900482,
    0.6068002581596375,
    0.2533411383628845,
    0.20059530436992645,
    0.11301511526107788,
    0.2754509747028351,
    0.2866733968257904,
    0.21610914170742035,
    0.750652551651001,
    0.810316801071167,
    0.9783223867416382,
    2.6918694972991943,
    1.020264983177185,
    2.0382189750671387,
    1.335203766822815,
    1.3837413787841797,
    1.2034599781036377
  ],
  "adversary_loss": [
    0.6711444854736328,
    0.6742451190948486,
    0.6913144588470459,
    0.7384092211723328,
    0.7536581158638,
    0.8122740983963013,
    0.9143168926239014,
    1.0358235836029053,
    1.1768498420715332,
    1.5007257461547852,
    2.0728602409362793,
    2.254664659500122,
    2.7697196006774902,
    3.389939069747925,
    3.925821304321289,
    3.6574363708496094,
    4.404625415802002,
    5.417782783508301,
    4.951358795166016,
    5.44517707824707,
    4.046113967895508,
    4.085605144500732,
    3.9860358238220215,
    4.183842658996582,
    4.089738845825195,
    3.107555866241455,
    2.9206619262695312,
    2.4674954414367676,
    3.7037739753723145,
    5.706185340881348,
    6.59586238861084,
    5.038920879364014,
    3.613799571990967,
    6.107667922973633,
    4.339505672454834,
    7.733432769775391,
    7.82980489730835,
    7.287358283996582,
    7.407083511352539,
    7.140048027038574,
    5.699333190917969,
    7.524028301239014,
    7.3450398445129395,
    6.352095127105713,
    3.354980707168579,
    1.7600816488265991,
    2.9077653884887695,
    5.112270355224609,
    6.6863861083984375,
    7.714345932006836
  ],
  "verifier_accuracy": [
    0.53125,
    0.5,
    0.6875,
    0.9375,
    0.9375,
    1.0,
    1.0,
    0.96875,
    1.0,
    1.0,
    1.0,
    1.0,
    1.0,
    1.0,
    1.0,
    1.0,
    1.0,
    1.0,
    1.0,
    0.96875,
    0.96875,
    1.0,
    0.875,
    0.9375,
    0.875,
    0.90625,
    0.875,
    0.96875,
    0.96875,
    0.90625,
    0.90625,
    0.9375,
    1.0,
    1.0,
    0.9375,
    0.96875,
    1.0,
    0.96875,
    1.0,
    0.90625,
    0.875,
    0.875,
    0.90625,
    0.875,
    0.75,
    0.875,
    0.90625,
    0.75,
    0.75,
    0.75
  ],
  "adversary_fool_rate": [
    0.9375,
    0.9375,
    0.5625,
    0.0,
    0.1875,
    0.0,
    0.0,
    0.0,
    0.0,
    0.0,
    0.0,
    0.0,
    0.0,
    0.0,
    0.0,
    0.0,
    0.0,
    0.0,
    0.0,
    0.0,
    0.0,
    0.0625,
    0.0625,
    0.0,
    0.0,
    0.125,
    0.0,
    0.1875,
    0.0625,
    0.0,
    0.0,
    0.0,
    0.0625,
    0.0,
    0.0,
    0.0,
    0.0,
    0.0,
    0.0,
    0.0,
    0.0625,
    0.0,
    0.0,
    0.0,
    0.3125,
    0.3125,
    0.25,
    0.0,
    0.0,
    0.0
  ]
}