{
  "verifier_loss": [
    1.3863571882247925,
    1.361311912536621,
    1.3074359893798828,
    1.2609646320343018,
    1.1615720987319946,
    1.0595481395721436,
    0.8962550163269043,
    0.7196173667907715,
    0.6258071064949036,
    0.557778000831604,
    0.4107305705547333,
    0.2986695468425751,
    0.28682056069374084,
    0.2135164737701416,
    0.17416396737098694,
    0.16608130931854248,
    0.15902529656887054,
    0.16127315163612366,
    0.18537524342536926,
    0.3832049071788788,
    0.5839124917984009,
    1.1312084197998047,
    0.9487583637237549,
    1.2933595180511475,
    1.1826143264770508,
    0.6603946685791016,
    1.9105112552642822,
    1.4081847667694092,
    0.5323551893234253,
    0.5979180335998535,
    0.7002365589141846,
    0.8164215087890625,
    0.48061636090278625,
    0.634270966053009,
    0.7044026851654053,
    0.598194420337677,
    0.3221266567707062,
    1.0743131637573242,
    1.084093451499939,
    0.3415817618370056,
    0.8530177474021912,
    0.6027733087539673,
    0.4395902752876282,
    0.827929675579071,
    0.5744590163230896,
    0.8227800726890564,
    0.5468727946281433,
    0.8948764801025391,
    0.37274080514907837,
    0.6441910862922668,
    0.33527201414108276,
    0.06823479384183884,
    0.39510205388069153,
    0.34065696597099304,
    0.32894954085350037,
    0.12078976631164551,
    0.2652765214443207,
    0.36663103103637695,
    0.5203540325164795,
    0.557288408279419,
    0.5392264127731323,
    0.17729544639587402,
    0.7988079190254211,
    0.41898900270462036,
    0.569720983505249,
    0.3513374626636505,
    0.1707744300365448,
    0.3884687125682831,
    0.19065168499946594,
    0.24599619209766388,
    0.10251951962709427,
    0.18026310205459595,
    0.24975216388702393,
    0.024693652987480164,
    0.07427344471216202,
    0.09001336991786957,
    0.14601179957389832,
    0.023974865674972534,
    0.20083893835544586,
    0.7332141399383545,
    0.1404537409543991,
    0.20929481089115143,
    0.2304859161376953,
    0.1650332510471344,
    0.18189121782779694,
    0.23410111665725708,
    0.08704926073551178,
    0.29160261154174805,
    0.5387166738510132,
    0.3300078511238098,
    0.49106770753860474,
    0.3278985619544983,
    0.6404672265052795,
    0.4632282853126526,
    0.19269728660583496,
    0.12646348774433136,
    0.8125611543655396,
    0.6293680667877197,
    0.6051884889602661,
    0.658922553062439
  ],
  "adversary_loss": [
    0.7204500436782837,
    0.729823648929596,
    0.7439028024673462,
    0.7478692531585693,
    0.7742825150489807,
    0.8342276811599731,
    0.8784376978874207,
    0.9853063821792603,
    1.135406494140625,
    1.264840006828308,
    1.554530382156372,
    1.8232136964797974,
    2.27048659324646,
    2.6184639930725098,
    3.2434942722320557,
    3.122765064239502,
    3.3701179027557373,
    3.646430492401123,
    4.2459259033203125,
    4.697484016418457,
    4.093428611755371,
    3.08854341506958,
    2.7032089233398438,
    3.552170753479004,
    4.321050643920898,
    5.249274730682373,
    6.813757419586182,
    6.0611677169799805,
    4.625699996948242,
    3.8242111206054688,
    6.3711957931518555,
    7.246054649353027,
    9.100470542907715,
    6.703439712524414,
    7.318758010864258,
    7.288450241088867,
    10.91319465637207,
    11.423600196838379,
    8.534852981567383,
    6.741290092468262,
    6.528414726257324,
    8.381104469299316,
    9.989965438842773,
    8.515119552612305,
    5.614108562469482,
    7.050827980041504,
    6.277660369873047,
    4.730938911437988,
    5.888959884643555,
    6.177702903747559,
    10.830832481384277,
    10.490821838378906,
    11.315986633300781,
    9.700399398803711,
    6.995139122009277,
    5.1561994552612305,
    3.3067519664764404,
    3.843144416809082,
    4.845034599304199,
    4.839172840118408,
    5.649426460266113,
    5.169171333312988,
    6.614131927490234,
    4.137567043304443,
    3.5618059635162354,
    3.0307364463806152,
    3.076089382171631,
    2.8101646900177,
    3.893195867538452,
    3.434410333633423,
    5.5336103439331055,
    4.426351547241211,
    5.662078857421875,
    4.514533042907715,
    5.7000532150268555,
    6.038501262664795,
    4.955950736999512,
    6.106047630310059,
    5.3297038078308105,
    4.606961727142334,
    5.737337112426758,
    6.257901191711426,
    5.759319305419922,
    4.755378246307373,
    6.185800552368164,
    5.559472560882568,
    5.817692756652832,
    5.571165084838867,
    4.7963643074035645,
    4.215803146362305,
    4.802095413208008,
    5.660475730895996,
    7.795840263366699,
    6.95111083984375,
    6.566187858581543,
    5.7449727058410645,
    4.112438678741455,
    5.568251609802246,
    7.988551139831543,
    8.273828506469727
  ],
  "verifier_accuracy": [
    0.96875,
    1.0,
    1.0,
    1.0,
    1.0,
    1.0,
    1.0,
    1.0,
    1.0,
    1.0,
    1.0,
    1.0,
    1.0,
    1.0,
    1.0,
    1.0,
    1.0,
    1.0,
    1.0,
    0.9375,
    1.0,
    0.96875,
    0.9375,
    1.0,
    0.96875,
    0.84375,
    0.9375,
    0.96875,
    0.96875,
    0.96875,
    0.96875,
    1.0,
    0.96875,
    1.0,
    0.9375,
    0.9375,
    0.9375,
    0.90625,
    1.0,
    1.0,
    0.90625,
    0.96875,
    0.90625,
    0.90625,
    0.90625,
    0.96875,
    0.90625,
    0.96875,
    1.0,
    1.0,
    0.9375,
    0.90625,
    0.90625,
    0.9375,
    0.9375,
    0.96875,
    1.0,
    0.9375,
    1.0,
    0.9375,
    0.9375,
    1.0,
    0.96875,
    0.96875,
    0.96875,
    0.875,
    0.9375,
    0.96875,
    1.0,
    1.0,
    1.0,
    1.0,
    0.9375,
    1.0,
    1.0,
    1.0,
    1.0,
    1.0,
    1.0,
    1.0,
    1.0,
    0.96875,
    0.9375,
    1.0,
    1.0,
    1.0,
    1.0,
    0.96875,
    0.96875,
    1.0,
    0.9375,
    1.0,
    1.0,
    1.0,
    1.0,
    1.0,
    0.96875,
    0.96875,
    0.96875,
    0.90625
  ],
  "adversary_fool_rate": [
    0.0,
    0.0,
    0.0,
    0.0625,
    0.0,
    0.0,
    0.0,
    0.0,
    0.0,
    0.0,
    0.0,
    0.0,
    0.0,
    0.0,
    0.0,
    0.0,
    0.0,
    0.0,
    0.0,
    0.0,
    0.0,
    0.0,
    0.0,
    0.125,
    0.0,
    0.0,
    0.0,
    0.0,
    0.0,
    0.125,
    0.0,
    0.0,
    0.0,
    0.0,
    0.0,
    0.0,
    0.0,
    0.0625,
    0.0,
    0.0625,
    0.0625,
    0.0,
    0.0,
    0.0,
    0.0,
    0.0625,
    0.0625,
    0.1875,
    0.125,
    0.0625,
    0.0,
    0.0,
    0.0,
    0.0,
    0.0,
    0.0625,
    0.125,
    0.0,
    0.0625,
    0.0,
    0.0,
    0.0,
    0.0,
    0.0,
    0.0,
    0.0625,
    0.0,
    0.0625,
    0.0,
    0.0,
    0.0,
    0.0,
    0.0,
    0.0,
    0.0,
    0.0,
    0.0,
    0.0,
    0.0,
    0.0,
    0.0,
    0.0,
    0.0,
    0.0625,
    0.0,
    0.0,
    0.0,
    0.0,
    0.0,
    0.0,
    0.0,
    0.0,
    0.0,
    0.0,
    0.0,
    0.0,
    0.0,
    0.0,
    0.0,
    0.0
  ]
}