{
  "verifier_loss": [
    1.3803119659423828,
    1.3539085388183594,
    1.3054001331329346,
    1.2236422300338745,
    1.1104435920715332,
    0.9626584053039551,
    0.8045317530632019,
    0.5982781648635864,
    0.44881823658943176,
    0.328043133020401,
    0.21920248866081238,
    0.14021036028862,
    0.1282421350479126,
    0.07244071364402771,
    0.02628501132130623,
    0.03858686983585358,
    0.19155892729759216,
    0.044612783938646317,
    0.38755014538764954,
    0.8917558193206787,
    1.0786269903182983,
    0.7565167546272278,
    1.2510789632797241,
    1.2482905387878418,
    0.6499999761581421,
    1.2226022481918335,
    0.8732766509056091,
    0.02048097550868988,
    0.16465994715690613,
    0.0976635292172432,
    0.0026284274645149708,
    0.2341705709695816,
    0.2032502293586731,
    0.05797469988465309,
    0.47879448533058167,
    0.48677268624305725,
    0.9684194326400757,
    2.209235668182373,
    2.4662399291992188,
    0.7861708402633667,
    0.5459045767784119,
    2.3817739486694336,
    0.629041850566864,
    0.5071386694908142,
    1.5739173889160156,
    0.21970051527023315,
    0.27507466077804565,
    0.9898976683616638,
    0.3904886245727539,
    0.4539393186569214
  ],
  "adversary_loss": [
    0.7017443180084229,
    0.7159367203712463,
    0.7367460131645203,
    0.804317831993103,
    0.8496347665786743,
    0.9617632627487183,
    1.0780677795410156,
    1.3781156539916992,
    1.636857032775879,
    1.9804327487945557,
    2.42689847946167,
    2.961399555206299,
    3.534363269805908,
    4.406259059906006,
    5.297863960266113,
    5.753876209259033,
    5.21594762802124,
    5.023992538452148,
    3.364516019821167,
    3.401535987854004,
    4.105670928955078,
    4.613644123077393,
    4.025539398193359,
    2.891660451889038,
    2.8682260513305664,
    4.585402488708496,
    8.372875213623047,
    10.607218742370605,
    12.447626113891602,
    14.558531761169434,
    12.734599113464355,
    12.440133094787598,
    10.307462692260742,
    7.615853786468506,
    7.7783002853393555,
    9.477621078491211,
    8.468729019165039,
    8.709173202514648,
    8.378058433532715,
    6.10887336730957,
    7.964478492736816,
    5.860708236694336,
    7.063892364501953,
    7.39371395111084,
    6.690672397613525,
    6.711024284362793,
    6.219351291656494,
    6.630502700805664,
    8.947587966918945,
    10.137832641601562
  ],
  "verifier_accuracy": [
    0.90625,
    0.90625,
    1.0,
    1.0,
    1.0,
    1.0,
    1.0,
    1.0,
    1.0,
    1.0,
    1.0,
    1.0,
    1.0,
    1.0,
    1.0,
    1.0,
    1.0,
    1.0,
    1.0,
    0.96875,
    0.9375,
    0.90625,
    0.90625,
    0.96875,
    1.0,
    1.0,
    1.0,
    1.0,
    1.0,
    0.9375,
    1.0,
    1.0,
    0.96875,
    1.0,
    1.0,
    0.875,
    0.96875,
    0.90625,
    0.84375,
    0.9375,
    0.90625,
    0.96875,
    0.96875,
    0.875,
    0.90625,
    0.90625,
    0.96875,
    0.96875,
    0.96875,
    0.96875
  ],
  "adversary_fool_rate": [
    0.3125,
    0.0625,
    0.0625,
    0.0,
    0.0,
    0.0,
    0.0,
    0.0,
    0.0,
    0.0,
    0.0,
    0.0,
    0.0,
    0.0,
    0.0,
    0.0,
    0.0,
    0.0,
    0.0625,
    0.0,
    0.0,
    0.0,
    0.0,
    0.0,
    0.125,
    0.0625,
    0.0,
    0.0,
    0.0,
    0.0,
    0.0,
    0.0,
    0.0625,
    0.125,
    0.0,
    0.0,
    0.0625,
    0.0,
    0.0,
    0.0,
    0.0,
    0.0,
    0.0625,
    0.0,
    0.0,
    0.0625,
    0.0625,
    0.0,
    0.0,
    0.0
  ]
}