{
  "verifier_loss": [
    1.3861669301986694,
    1.3646355867385864,
    1.3246705532073975,
    1.2460933923721313,
    1.154049038887024,
    1.0787452459335327,
    0.9262264966964722,
    0.792323648929596,
    0.759874701499939,
    0.633144736289978,
    0.520992636680603,
    0.48058468103408813,
    0.418212890625,
    0.29595518112182617,
    0.2199578881263733,
    0.1748846024274826,
    0.24361611902713776,
    0.14104288816452026,
    0.453319787979126,
    0.3540908694267273,
    1.592203140258789,
    1.8861733675003052,
    1.140711784362793,
    1.6625782251358032,
    0.7314146757125854,
    0.2396879494190216,
    0.4561784565448761,
    0.40589362382888794,
    0.8361070156097412,
    0.2293146848678589,
    0.4969627261161804,
    0.8955573439598083,
    0.8428709506988525,
    0.9133207201957703,
    0.5026390552520752,
    0.779240071773529,
    0.3651282489299774,
    0.6079325079917908,
    0.8811588287353516,
    0.7454423308372498,
    0.6771763563156128,
    0.9451900124549866,
    0.6699985861778259,
    0.7931389808654785,
    0.5458967685699463,
    0.6461066603660583,
    0.3055073916912079,
    0.5033714771270752,
    0.777375340461731,
    0.556618332862854,
    0.36649495363235474,
    0.29327690601348877,
    0.5881443023681641,
    0.4058755338191986,
    1.060089111328125,
    0.19871900975704193,
    0.7557084560394287,
    1.1796646118164062,
    0.7565455436706543,
    0.29670071601867676,
    1.4314159154891968,
    0.8765125274658203,
    0.7377967238426208,
    0.3823893070220947,
    0.3758736848831177,
    0.34948936104774475,
    0.620631992816925,
    0.5750439167022705,
    0.32343560457229614,
    0.10792537778615952,
    0.060692694038152695,
    0.2507167160511017,
    0.28960981965065,
    0.13712802529335022,
    0.02944435365498066,
    0.011566538363695145,
    0.025369422510266304,
    0.02427058480679989,
    0.019982971251010895,
    0.1033841222524643,
    0.054194167256355286,
    0.07087995857000351,
    0.05665387213230133,
    0.021671922877430916,
    0.2144133299589157,
    0.1520862579345703,
    0.10594315826892853,
    0.36033546924591064,
    0.4899387061595917,
    0.16360850632190704,
    0.5325242280960083,
    0.04920128360390663,
    0.38348156213760376,
    0.07482835650444031,
    1.2212504148483276,
    0.21051977574825287,
    0.4654157757759094,
    0.5986559987068176,
    0.3810842037200928,
    0.531124472618103
  ],
  "adversary_loss": [
    0.6474811434745789,
    0.6503516435623169,
    0.660495400428772,
    0.6694018840789795,
    0.6889621019363403,
    0.7147985100746155,
    0.7453209757804871,
    0.8197271227836609,
    0.9067568778991699,
    1.0038422346115112,
    1.1750998497009277,
    1.305680274963379,
    1.5401861667633057,
    1.8123698234558105,
    2.208578109741211,
    2.427913188934326,
    2.8402466773986816,
    2.8843495845794678,
    2.195920944213867,
    1.8622443675994873,
    1.9458860158920288,
    2.334258794784546,
    2.659646987915039,
    3.4718894958496094,
    3.383650302886963,
    3.394925355911255,
    3.7648043632507324,
    4.211000442504883,
    5.059277534484863,
    5.097650051116943,
    5.485291004180908,
    5.005165100097656,
    6.583780765533447,
    7.869758129119873,
    10.48851203918457,
    10.313997268676758,
    7.884108066558838,
    5.16505241394043,
    7.375799655914307,
    8.998272895812988,
    10.018095016479492,
    5.597415447235107,
    6.028733253479004,
    10.011331558227539,
    9.539361953735352,
    7.85012674331665,
    7.658613204956055,
    5.310110092163086,
    4.475732803344727,
    6.800384044647217,
    7.932125568389893,
    8.711920738220215,
    9.055323600769043,
    7.376389503479004,
    5.351611614227295,
    3.614908456802368,
    3.238319158554077,
    3.079526662826538,
    4.097531318664551,
    4.908909320831299,
    6.1579461097717285,
    4.75256872177124,
    4.105100154876709,
    3.5185279846191406,
    2.3801889419555664,
    2.6206538677215576,
    2.6241564750671387,
    2.8601741790771484,
    4.171568870544434,
    3.7778429985046387,
    4.464824676513672,
    5.390993118286133,
    5.908877372741699,
    5.932479381561279,
    5.894659996032715,
    6.260390281677246,
    5.7294464111328125,
    6.035152435302734,
    7.336376667022705,
    6.623957633972168,
    6.099818229675293,
    5.392565727233887,
    5.576556205749512,
    5.181797027587891,
    4.7249226570129395,
    5.533752918243408,
    5.193964958190918,
    5.422412872314453,
    5.695919036865234,
    6.061058521270752,
    6.428772926330566,
    6.699252128601074,
    6.606025695800781,
    6.623868465423584,
    5.353883266448975,
    3.468933582305908,
    4.358077526092529,
    5.171240329742432,
    5.328452110290527,
    5.66221809387207
  ],
  "verifier_accuracy": [
    0.5,
    0.5,
    0.5,
    0.53125,
    0.75,
    0.875,
    1.0,
    0.96875,
    1.0,
    1.0,
    1.0,
    1.0,
    1.0,
    1.0,
    1.0,
    1.0,
    1.0,
    1.0,
    1.0,
    1.0,
    0.90625,
    1.0,
    0.9375,
    0.9375,
    0.9375,
    0.96875,
    0.96875,
    0.96875,
    0.96875,
    1.0,
    0.96875,
    1.0,
    0.96875,
    0.96875,
    0.96875,
    0.9375,
    1.0,
    1.0,
    0.90625,
    1.0,
    0.90625,
    0.9375,
    1.0,
    0.9375,
    0.875,
    0.84375,
    0.96875,
    0.875,
    0.9375,
    0.96875,
    1.0,
    0.96875,
    0.96875,
    0.96875,
    0.90625,
    0.96875,
    0.875,
    0.96875,
    0.90625,
    0.96875,
    0.84375,
    0.96875,
    0.875,
    0.90625,
    0.9375,
    0.90625,
    0.90625,
    0.96875,
    0.96875,
    1.0,
    1.0,
    0.96875,
    0.96875,
    0.9375,
    1.0,
    1.0,
    1.0,
    1.0,
    1.0,
    1.0,
    0.96875,
    1.0,
    1.0,
    1.0,
    1.0,
    1.0,
    1.0,
    0.96875,
    1.0,
    1.0,
    0.96875,
    0.96875,
    1.0,
    0.96875,
    0.96875,
    1.0,
    0.96875,
    1.0,
    0.96875,
    0.84375
  ],
  "adversary_fool_rate": [
    1.0,
    1.0,
    1.0,
    1.0,
    0.6875,
    0.25,
    0.0,
    0.0,
    0.0,
    0.0,
    0.0,
    0.0,
    0.0,
    0.0,
    0.0,
    0.0,
    0.0,
    0.0,
    0.1875,
    0.1875,
    0.125,
    0.125,
    0.0,
    0.0,
    0.0625,
    0.0,
    0.0,
    0.0,
    0.0,
    0.0,
    0.0,
    0.0,
    0.0,
    0.0,
    0.0,
    0.0,
    0.0,
    0.0,
    0.0,
    0.0,
    0.0,
    0.0,
    0.0625,
    0.0,
    0.0,
    0.0,
    0.0,
    0.0625,
    0.0625,
    0.0,
    0.0,
    0.0,
    0.0,
    0.0,
    0.0,
    0.0,
    0.1875,
    0.0625,
    0.0625,
    0.0625,
    0.0,
    0.0,
    0.0,
    0.0,
    0.0625,
    0.1875,
    0.0625,
    0.0,
    0.0,
    0.0,
    0.0,
    0.0,
    0.0,
    0.0,
    0.0,
    0.0,
    0.0,
    0.0,
    0.0,
    0.0,
    0.0,
    0.0625,
    0.0,
    0.0,
    0.0,
    0.0625,
    0.0,
    0.0,
    0.0,
    0.0,
    0.0,
    0.0,
    0.0,
    0.0,
    0.0,
    0.0,
    0.125,
    0.0,
    0.0625,
    0.0
  ]
}