{
  "verifier_loss": [
    1.4021949768066406,
    1.3882629871368408,
    1.3846946954727173,
    1.3757933378219604,
    1.3650078773498535,
    1.3792245388031006,
    1.3528658151626587,
    1.3578077554702759,
    1.3620461225509644,
    1.3388350009918213,
    1.3530957698822021,
    1.3236055374145508,
    1.3267085552215576,
    1.2746763229370117,
    1.2904313802719116,
    1.2885128259658813,
    1.2635447978973389,
    1.305424451828003,
    1.230912446975708,
    1.275570273399353,
    1.2098042964935303,
    1.0775597095489502,
    1.1895523071289062,
    1.1042572259902954,
    1.1613342761993408,
    1.1013644933700562,
    1.0118608474731445,
    1.0984604358673096,
    1.036875605583191,
    0.8639203906059265,
    0.9054707884788513,
    1.041298747062683,
    1.1180434226989746,
    1.2112762928009033,
    1.1739797592163086,
    1.021214246749878,
    0.8775705099105835,
    0.997018039226532,
    1.0940501689910889,
    0.9882100820541382,
    0.961428165435791,
    1.092733383178711,
    1.252746820449829,
    0.9382343292236328,
    0.9450786113739014,
    0.8817573189735413,
    1.0841856002807617,
    1.076374888420105,
    1.1819285154342651,
    1.1100012063980103,
    0.73297119140625,
    1.2255408763885498,
    0.9255942106246948,
    1.017085075378418,
    0.9070384502410889,
    1.10356605052948,
    1.179235816001892,
    1.125274658203125,
    0.8978451490402222,
    1.1109100580215454,
    0.9632379412651062,
    0.8852890729904175,
    0.8120529651641846,
    0.8660532236099243,
    0.8475788831710815,
    0.5662192106246948,
    0.9072163701057434,
    1.0816651582717896,
    1.3929839134216309,
    1.4616589546203613,
    1.0939470529556274,
    0.7103327512741089,
    0.7650567293167114,
    1.1947463750839233,
    0.88601154088974,
    0.7540866136550903,
    0.7768388390541077,
    0.966841995716095,
    1.0067899227142334,
    0.9057171940803528,
    0.8345311880111694,
    0.6520403623580933,
    0.9155888557434082,
    0.9848125576972961,
    1.0768721103668213,
    0.8388993740081787,
    0.8223023414611816,
    0.5503690838813782,
    0.8464382886886597,
    0.7088251113891602,
    0.5435277819633484,
    0.9249609112739563,
    0.4812324345111847,
    0.7258081436157227,
    0.808316171169281,
    1.2070720195770264,
    0.6007862091064453,
    0.8983319997787476,
    0.6566624641418457,
    1.1256924867630005
  ],
  "adversary_loss": [
    0.6517318487167358,
    0.6496139764785767,
    0.6314060688018799,
    0.6220327615737915,
    0.606940746307373,
    0.6045206189155579,
    0.5868658423423767,
    0.5788145065307617,
    0.5797412991523743,
    0.5770646333694458,
    0.5615553855895996,
    0.6004362106323242,
    0.5836774110794067,
    0.5922079682350159,
    0.5922964811325073,
    0.6115338802337646,
    0.6273471713066101,
    0.622437596321106,
    0.6559672355651855,
    0.6977841258049011,
    0.736518383026123,
    0.7773822546005249,
    0.8205608129501343,
    0.8281650543212891,
    0.8659577369689941,
    0.9025558233261108,
    0.8634656667709351,
    0.9247983694076538,
    1.2041521072387695,
    1.2751023769378662,
    1.4824461936950684,
    1.4171587228775024,
    1.3764811754226685,
    1.1316953897476196,
    1.3335351943969727,
    1.3772928714752197,
    1.7728229761123657,
    1.9265080690383911,
    1.91257643699646,
    1.9412429332733154,
    1.8513531684875488,
    1.4749256372451782,
    1.3665390014648438,
    1.2743576765060425,
    1.3061554431915283,
    1.0587774515151978,
    1.4269068241119385,
    1.6930196285247803,
    1.7751597166061401,
    1.5672026872634888,
    1.4572844505310059,
    1.465686559677124,
    1.4329115152359009,
    1.3520517349243164,
    1.1912740468978882,
    1.0856609344482422,
    1.0084000825881958,
    0.9778390526771545,
    1.2732939720153809,
    1.1248557567596436,
    1.1676733493804932,
    1.129782795906067,
    1.402977466583252,
    1.449713945388794,
    1.2887097597122192,
    1.274808645248413,
    1.2065339088439941,
    1.3073889017105103,
    0.8350962400436401,
    0.9530915021896362,
    1.0023086071014404,
    1.2871240377426147,
    1.1265442371368408,
    1.0725524425506592,
    1.1021270751953125,
    1.1709107160568237,
    1.118345022201538,
    1.056755542755127,
    1.0634474754333496,
    1.1884838342666626,
    1.0089950561523438,
    0.983497679233551,
    0.9194083213806152,
    1.091557264328003,
    1.2633579969406128,
    1.3547900915145874,
    1.2925472259521484,
    1.550058364868164,
    1.4106745719909668,
    1.5299181938171387,
    1.4521756172180176,
    1.393067717552185,
    1.52790105342865,
    1.4637082815170288,
    1.1803416013717651,
    1.2043938636779785,
    1.4191417694091797,
    1.2871798276901245,
    1.457071304321289,
    1.3553639650344849
  ],
  "verifier_accuracy": [
    0.5,
    0.5,
    0.5,
    0.5,
    0.5,
    0.5,
    0.5,
    0.5,
    0.5,
    0.5,
    0.5,
    0.5,
    0.5,
    0.5,
    0.5,
    0.53125,
    0.59375,
    0.5625,
    0.59375,
    0.78125,
    0.8125,
    0.9375,
    0.90625,
    0.9375,
    0.9375,
    0.96875,
    0.875,
    0.96875,
    0.9375,
    1.0,
    0.96875,
    0.875,
    0.78125,
    0.75,
    0.8125,
    0.875,
    0.875,
    0.84375,
    0.78125,
    0.84375,
    0.875,
    0.71875,
    0.8125,
    0.875,
    0.8125,
    0.90625,
    0.90625,
    0.8125,
    0.8125,
    0.75,
    0.90625,
    0.8125,
    0.875,
    0.875,
    0.84375,
    0.90625,
    0.875,
    0.875,
    0.96875,
    0.84375,
    0.8125,
    0.875,
    0.875,
    0.875,
    0.90625,
    0.90625,
    0.875,
    0.75,
    0.59375,
    0.78125,
    0.8125,
    0.9375,
    0.8125,
    0.78125,
    0.875,
    0.8125,
    0.875,
    0.84375,
    0.8125,
    0.875,
    0.90625,
    0.875,
    0.75,
    0.875,
    0.875,
    0.875,
    0.875,
    0.90625,
    0.90625,
    0.84375,
    0.84375,
    0.9375,
    0.96875,
    0.875,
    0.90625,
    0.90625,
    0.96875,
    0.90625,
    1.0,
    0.875
  ],
  "adversary_fool_rate": [
    1.0,
    1.0,
    1.0,
    1.0,
    1.0,
    1.0,
    1.0,
    1.0,
    1.0,
    1.0,
    1.0,
    1.0,
    1.0,
    1.0,
    0.9375,
    0.9375,
    0.9375,
    0.8125,
    0.6875,
    0.5,
    0.375,
    0.1875,
    0.0625,
    0.1875,
    0.125,
    0.1875,
    0.1875,
    0.1875,
    0.0,
    0.0,
    0.0,
    0.0625,
    0.0,
    0.1875,
    0.125,
    0.0,
    0.0,
    0.0,
    0.0,
    0.0,
    0.0,
    0.0625,
    0.0,
    0.0625,
    0.0625,
    0.3125,
    0.0,
    0.0,
    0.0,
    0.0625,
    0.0,
    0.0,
    0.0,
    0.0,
    0.0625,
    0.0625,
    0.125,
    0.125,
    0.0,
    0.0,
    0.0625,
    0.0625,
    0.0,
    0.0625,
    0.0625,
    0.0625,
    0.0625,
    0.0625,
    0.375,
    0.25,
    0.1875,
    0.0625,
    0.0625,
    0.125,
    0.125,
    0.0,
    0.125,
    0.25,
    0.1875,
    0.125,
    0.1875,
    0.1875,
    0.25,
    0.25,
    0.0625,
    0.0625,
    0.0625,
    0.0,
    0.0,
    0.0625,
    0.125,
    0.0,
    0.0,
    0.125,
    0.1875,
    0.125,
    0.0,
    0.125,
    0.0,
    0.0625
  ]
}