{
  "verifier_loss": [
    1.3917787075042725,
    1.3702105283737183,
    1.3586504459381104,
    1.358577013015747,
    1.3477882146835327,
    1.327662467956543,
    1.3053839206695557,
    1.292748212814331,
    1.2835822105407715,
    1.2807708978652954,
    1.3236113786697388,
    1.2971442937850952,
    1.235154151916504,
    1.2293163537979126,
    1.2541630268096924,
    1.2224977016448975,
    1.1784536838531494,
    1.1851744651794434,
    1.1310627460479736,
    1.1208548545837402,
    1.062504768371582,
    1.0478169918060303,
    1.0485200881958008,
    1.079344391822815,
    1.2085824012756348,
    1.2089093923568726,
    0.9527456164360046,
    0.9445130228996277,
    0.9412997961044312,
    1.2529548406600952,
    0.9771599769592285,
    0.8049230575561523,
    1.0684767961502075,
    0.7163846492767334,
    0.8454429507255554,
    0.9081165790557861,
    1.0763442516326904,
    1.5141122341156006,
    0.9891234040260315,
    1.3657665252685547,
    0.7117099761962891,
    1.228340744972229,
    0.7493410706520081,
    1.4946568012237549,
    1.258009433746338,
    1.2483686208724976,
    1.378507137298584,
    1.3606455326080322,
    1.765392541885376,
    1.117231845855713
  ],
  "adversary_loss": [
    0.7212790250778198,
    0.6970459222793579,
    0.6626182794570923,
    0.6462174654006958,
    0.6232237219810486,
    0.5981561541557312,
    0.5760571360588074,
    0.5628295540809631,
    0.5438138246536255,
    0.5441787838935852,
    0.5583140850067139,
    0.5505751371383667,
    0.6129979491233826,
    0.56963050365448,
    0.5951892733573914,
    0.6164573431015015,
    0.639230489730835,
    0.6334456205368042,
    0.6558657884597778,
    0.7098275423049927,
    0.7179992198944092,
    0.7915746569633484,
    0.8257482051849365,
    0.8318138122558594,
    0.8764902353286743,
    0.977360725402832,
    1.074190616607666,
    1.139392375946045,
    1.1705957651138306,
    1.1726255416870117,
    1.2348781824111938,
    1.385073184967041,
    1.3967291116714478,
    1.6104099750518799,
    1.6757298707962036,
    1.4795464277267456,
    1.2409727573394775,
    1.848381757736206,
    1.7818381786346436,
    1.9085736274719238,
    2.0584378242492676,
    1.6815762519836426,
    1.8406405448913574,
    1.660264253616333,
    1.3701958656311035,
    1.4088585376739502,
    1.3056102991104126,
    1.2027409076690674,
    1.3051118850708008,
    1.356105923652649
  ],
  "verifier_accuracy": [
    0.90625,
    0.875,
    0.53125,
    0.5,
    0.5,
    0.5,
    0.5,
    0.5,
    0.5,
    0.5,
    0.5,
    0.5,
    0.5,
    0.5,
    0.53125,
    0.53125,
    0.65625,
    0.5625,
    0.71875,
    0.78125,
    0.75,
    0.90625,
    0.875,
    0.75,
    0.8125,
    0.875,
    0.90625,
    0.90625,
    0.90625,
    0.78125,
    0.84375,
    0.90625,
    0.84375,
    1.0,
    0.875,
    0.875,
    0.875,
    0.78125,
    0.9375,
    0.78125,
    0.84375,
    0.8125,
    0.875,
    0.78125,
    0.75,
    0.90625,
    0.71875,
    0.78125,
    0.625,
    0.6875
  ],
  "adversary_fool_rate": [
    0.0625,
    0.4375,
    0.9375,
    1.0,
    1.0,
    1.0,
    1.0,
    1.0,
    1.0,
    1.0,
    1.0,
    1.0,
    1.0,
    1.0,
    0.9375,
    0.75,
    0.8125,
    0.8125,
    0.5625,
    0.375,
    0.375,
    0.25,
    0.25,
    0.25,
    0.125,
    0.0625,
    0.0,
    0.0,
    0.0,
    0.1875,
    0.0625,
    0.0,
    0.0625,
    0.0,
    0.0,
    0.125,
    0.25,
    0.0,
    0.0625,
    0.0,
    0.0,
    0.0,
    0.0625,
    0.0625,
    0.125,
    0.125,
    0.1875,
    0.125,
    0.0625,
    0.0
  ]
}