{
  "prover_accuracy": {
    "mae": 0.00016666784358676523,
    "mse": 4.2399609156973384e-08,
    "accuracy": 0.004999999888241291,
    "max_error": 0.0004978179931640625,
    "min_error": 0.0,
    "rmse": 0.00020591165376678753
  }
}