{
  "prover_accuracy": {
    "mae": 100.21990203857422,
    "mse": 10060.8642578125,
    "accuracy": 0.0,
    "max_error": 111.65919494628906,
    "min_error": 85.99659729003906,
    "rmse": 100.30385963567154
  }
}