{
  "verifier_loss": [
    1.3799879550933838,
    1.2886323928833008,
    1.1135016679763794,
    0.9097930192947388,
    0.7908251285552979,
    0.7341622114181519,
    0.6688108444213867,
    0.6126037240028381,
    0.5111202001571655,
    0.4201078414916992,
    0.5015372633934021,
    0.2885631322860718,
    0.262189120054245,
    0.19554808735847473,
    0.16165432333946228,
    0.12035717815160751,
    0.10211540013551712,
    0.06017955765128136,
    0.052867814898490906,
    0.054276399314403534,
    0.06223965808749199,
    0.06548801064491272,
    0.10106578469276428,
    0.027721155434846878,
    0.08244802057743073,
    0.04764028638601303,
    0.07592535018920898,
    0.30681920051574707,
    0.03629327937960625,
    0.015959303826093674,
    0.13441269099712372,
    0.04298540949821472,
    0.01643919199705124,
    0.006002322770655155,
    0.09152480214834213,
    0.11633310467004776,
    0.024135248735547066,
    0.06911533325910568,
    0.14115923643112183,
    0.009662482887506485,
    0.0034479815512895584,
    0.0006818558322265744,
    0.0011619189754128456,
    0.0032016101758927107,
    0.0055308290757238865,
    0.00672862259671092,
    0.00010873022256419063,
    0.06283953785896301,
    0.44921875,
    0.2767704427242279
  ],
  "adversary_loss": [
    0.6718833446502686,
    0.6712788939476013,
    0.6872785687446594,
    0.7206503748893738,
    0.7668501734733582,
    0.8122686147689819,
    0.9350582361221313,
    1.0836234092712402,
    1.2440247535705566,
    1.5225751399993896,
    1.634824275970459,
    1.7526798248291016,
    2.0038418769836426,
    2.202998638153076,
    2.5992844104766846,
    2.7862911224365234,
    3.013631582260132,
    3.3828959465026855,
    3.856142044067383,
    3.6509816646575928,
    3.9435224533081055,
    3.718860626220703,
    4.312339782714844,
    4.489569187164307,
    4.968357086181641,
    4.977341651916504,
    5.62693977355957,
    5.874343395233154,
    5.93290901184082,
    6.603499889373779,
    6.401195526123047,
    6.607463836669922,
    5.041189193725586,
    6.466689109802246,
    8.045512199401855,
    7.1727399826049805,
    7.890719890594482,
    9.504233360290527,
    10.079720497131348,
    10.969263076782227,
    11.043693542480469,
    13.065902709960938,
    12.786233901977539,
    14.001462936401367,
    12.749759674072266,
    12.43781852722168,
    11.61334228515625,
    9.908553123474121,
    9.60168170928955,
    8.225446701049805
  ],
  "verifier_accuracy": [
    0.65625,
    0.59375,
    0.71875,
    0.9375,
    1.0,
    1.0,
    1.0,
    1.0,
    1.0,
    0.96875,
    1.0,
    1.0,
    1.0,
    1.0,
    1.0,
    1.0,
    1.0,
    0.96875,
    1.0,
    1.0,
    1.0,
    1.0,
    1.0,
    1.0,
    1.0,
    1.0,
    1.0,
    1.0,
    1.0,
    1.0,
    1.0,
    1.0,
    1.0,
    1.0,
    1.0,
    1.0,
    1.0,
    1.0,
    1.0,
    1.0,
    1.0,
    1.0,
    1.0,
    1.0,
    0.96875,
    1.0,
    1.0,
    0.96875,
    1.0,
    1.0
  ],
  "adversary_fool_rate": [
    0.6875,
    0.75,
    0.6875,
    0.125,
    0.125,
    0.0,
    0.0,
    0.0,
    0.0,
    0.0,
    0.0,
    0.0,
    0.0,
    0.0,
    0.0,
    0.0,
    0.0,
    0.0,
    0.0,
    0.0,
    0.0,
    0.0,
    0.0,
    0.0,
    0.0,
    0.0,
    0.0,
    0.0,
    0.0,
    0.0,
    0.0,
    0.0,
    0.0,
    0.0,
    0.0,
    0.0,
    0.0,
    0.0,
    0.0,
    0.0,
    0.0,
    0.0,
    0.0,
    0.0,
    0.0,
    0.0,
    0.0,
    0.0,
    0.0,
    0.0
  ]
}